Workbook

Sheet Sheet1
A1: Transportation
B2: c1 | C2: c2 | D2: c3 | E2: c4
A3: A | B3: 12 | C3: 13 | D3: 4 | E3: 6 | G3: 500
A4: B | B4: 6 | C4: 4 | D4: 10 | E4: 11 | G4: 700
A5: C | B5: 10 | C5: 12 | D5: 12 | E5: 4 | G5: 600
B7: 400 | C7: 500 | D7: 400 | E7: 400
B10: c1 | C10: c2 | D10: c3 | E10: c4
A11: A | B11: 0 | C11: 0 | D11: 400 | E11: 0 | G11: =SUM(B11:E11) -> 400
A12: B | B12: 200 | C12: 500 | D12: 0 | E12: 0 | G12: =SUM(B12:E12) -> 700
A13: C | B13: 200 | C13: 0 | D13: 0 | E13: 400 | G13: =SUM(B13:E13) -> 600
B14: =SUM(B11:B13) -> 400 | C14: =SUM(C11:C13) -> 500 | D14: =SUM(D11:D13) -> 400 | E14: =SUM(E11:E13) -> 400
E16: Minimum cost = | F16: =SUMPRODUCT(B3:E5,B11:E13) -> 8400

Sheet Sheet2
A1: Assignment
B3: P1 | C3: P2 | D3: P3
A4: A | B4: 11 | C4: 14 | D4: 6
A5: B | B5: 8 | C5: 10 | D5: 11
A6: C | B6: 9 | C6: 12 | D6: 7
B8: P1 | C8: P2 | D8: P3
A9: A | B9: 0 | C9: 0 | D9: 1 | E9: =SUM(B9:D9) -> 1
A10: B | B10: 0 | C10: 1 | D10: 0 | E10: =SUM(B10:D10) -> 1
A11: C | B11: 1 | C11: 0 | D11: 0 | E11: =SUM(B11:D11) -> 1
B12: =SUM(B9:B11) -> 1 | C12: =SUM(C9:C11) -> 1 | D12: =SUM(D9:D11) -> 1
D14: Minm cost | E14: =SUMPRODUCT(B4:D6,B9:D11) -> 25
B19: 1 | C19: 1 | D19: 1

Sheet Sheet3
A1: Transhipment
B6: w1 | C6: W2 | D6: D1 | E6: d2
A7: F1 | B7: 2 | C7: 3 | F7: 600
A8: F2 | B8: 4 | C8: 1 | F8: 400
A9: W1 | D9: 3 | E9: 6
A10: W2 | D10: 4 | E10: 2
D11: 450 | E11: 350
B14: w1 | C14: W2 | D14: D1 | E14: d2
A15: F1 | B15: 400 | C15: 0 | D15: 0 | E15: 0 | F15: =SUMIF(B7:E7,">0",B15:E15) -> 400
A16: F2 | B16: 0 | C16: 400 | D16: 0 | E16: 0 | F16: =SUMIF(B8:E8,">0",B16:E16) -> 400
A17: W1 | B17: 0 | C17: 0 | D17: 400 | E17: 0 | F17: =SUMIF(B9:E9,">0",B17:E17) -> 400
A18: W2 | B18: 0 | C18: 0 | D18: 50 | E18: 350 | F18: =SUMIF(B10:E10,">0",B18:E18) -> 400
B19: =SUMIF(B7:B10,">0",B15:B18) -> 400 | C19: =SUMIF(C7:C10,">0",C15:C18) -> 400 | D19: =SUMIF(D7:D10,">0",D15:D18) -> 450 | E19: =SUMIF(E7:E10,">0",E15:E18) -> 350
F21: =SUMPRODUCT(B7:E10,B15:E18) -> 3300

Sheet Sheet4
A1: Max flow
B6: 1 | C6: 2 | D6: 3 | E6: 4 | F6: 5
A7: 1 | B7: 0 | C7: 20 | D7: 30 | E7: 0 | F7: 0 | G7: =SUM(B7:F7) -> 50
A8: 2 | B8: 0 | C8: 0 | D8: 10 | E8: 20 | F8: 0 | G8: =SUM(B8:F8) -> 30
A9: 3 | B9: 0 | C9: 0 | D9: 0 | E9: 10 | F9: 25 | G9: =SUM(B9:F9) -> 35
A10: 4 | B10: 0 | C10: 0 | D10: 0 | E10: 0 | F10: 20 | G10: =SUM(B10:F10) -> 20
A11: 5 | B11: 0 | C11: 0 | D11: 0 | E11: 0 | F11: 0
B15: 1 | C15: 2 | D15: 3 | E15: 4 | F15: 5
A16: 1 | B16: 0 | C16: 20 | D16: 25 | E16: 0 | F16: 0 | G16: =SUMIF(B7:F7,">0",B16:F16) -> 45
A17: 2 | B17: 0 | C17: 0 | D17: 0 | E17: 20 | F17: 0 | G17: =SUMIF(B8:F8,">0",B17:F17) -> 20
A18: 3 | B18: 0 | C18: 0 | D18: 0 | E18: 0 | F18: 25 | G18: =SUMIF(B9:F9,">0",B18:F18) -> 25
A19: 4 | B19: 0 | C19: 0 | D19: 0 | E19: 0 | F19: 20 | G19: =SUMIF(B10:F10,">0",B19:F19) -> 20
A20: 5 | B20: 0 | C20: 0 | D20: 0 | E20: 0 | F20: 0
C21: =SUM(C16:C19) -> 20 | D21: =SUM(D16:D19) -> 25 | E21: =SUM(E16:E19) -> 20 | F21: =SUM(F16:F19) -> 45

Sheet Sheet5
A1: Shortest Path
B5: 1 | C5: 2 | D5: 3 | E5: 4 | F5: 5 | G5: 6
A6: 1 | C6: 4 | D6: 2
A7: 2 | D7: 1 | E7: 5
A8: 3 | E8: 8 | F8: 10
A9: 4 | F9: 2 | G9: 6
A10: 5 | G10: 2
A11: 6
B15: 1 | C15: 2 | D15: 3 | E15: 4 | F15: 5 | G15: 6
A16: 1 | B16: 0 | C16: 1 | D16: 0 | E16: 0 | F16: 0 | G16: 0 | H16: =SUMIF(B6:G6,">0",Sheet5!B16:G16) -> 1
A17: 2 | B17: 0 | C17: 0 | D17: 0 | E17: 1 | F17: 0 | G17: 0 | H17: =SUMIF(B7:G7,">0",Sheet5!B17:G17) -> 1
A18: 3 | B18: 0 | C18: 0 | D18: 0 | E18: 0 | F18: 0 | G18: 0 | H18: =SUMIF(B8:G8,">0",Sheet5!B18:G18) -> 0
A19: 4 | B19: 0 | C19: 0 | D19: 0 | E19: 0 | F19: 1 | G19: 0 | H19: =SUMIF(B9:G9,">0",Sheet5!B19:G19) -> 1
A20: 5 | B20: 0 | C20: 0 | D20: 0 | E20: 0 | F20: 0 | G20: 1 | H20: =SUMIF(B10:G10,">0",Sheet5!B20:G20) -> 1
C21: =SUMIF(C6:C10,">0",C16:C20) -> 1 | D21: =SUMIF(D6:D10,">0",D16:D20) -> 0 | E21: =SUMIF(E6:E10,">0",E16:E20) -> 1 | F21: =SUMIF(F6:F10,">0",F16:F20) -> 1 | G21: =SUMIF(G6:G10,">0",G16:G20) -> 1 | H21: =SUMPRODUCT(B6:G10,B16:G20) -> 13
C25: 1 | D25: 1 | E25: 1 | F25: 1 | G25: 1

Sheet Sheet6
B2: S | C2: M | D2: L | E2: a1 | F2: a2 | G2: b1 | H2: b2 | I2: c1 | J2: c2 | K2: d1 | L2: d2 | M2: e1 | N2: e2
A3: S | B3: 1 | C3: 0 | D3: 0 | E3: 1 | F3: -1 | G3: 0 | H3: 0 | I3: 0 | J3: 0 | K3: 0 | L3: 0 | M3: 0 | N3: 0 | O3: =B3*B10+E3*E10+F3*F10 -> 5 | P3: = | Q3: 5
A4: m | B4: 0 | C4: 1 | D4: 0 | E4: 0 | F4: 0 | G4: 1 | H4: -1 | I4: 0 | J4: 0 | K4: 0 | L4: 0 | M4: 0 | N4: 0 | O4: =C4*C10+G4*G10+H4*H10 -> 10 | P4: = | Q4: 10
A5: l | B5: 0 | C5: 0 | D5: 1 | E5: 0 | F5: 0 | G5: 0 | H5: 0 | I5: 1 | J5: -1 | K5: 0 | L5: 0 | M5: 0 | N5: 0 | O5: =D5*D10+I5*I10+J5*J10 -> 15 | P5: = | Q5: 15
A6: Sq ft | B6: 400 | C6: 750 | D6: 1050 | E6: 0 | F6: 0 | G6: 0 | H6: 0 | I6: 0 | J6: 0 | K6: 1 | L6: -1 | M6: 0 | N6: 0 | O6: =SUMPRODUCT(B6:D6,B10:D10)+(K6*K10)+(L6*L10) -> 25000 | P6: = | Q6: 25000
A7: Budget | B7: 18000 | C7: 33000 | D7: 45150 | E7: 0 | F7: 0 | G7: 0 | H7: 0 | I7: 0 | J7: 0 | K7: 0 | L7: 0 | M7: 1 | N7: -1 | O7: =SUMPRODUCT(B7:D7,B10:D10)+(M6*M10)+(N6*N10) -> 998250 | P7: = | Q7: 1000000
B9: S | C9: M | D9: L | E9: a1 | F9: a2 | G9: b1 | H9: b2 | I9: c1 | J9: c2 | K9: d1 | L9: d2 | M9: e1 | N9: e2
B10: 5 | C10: 7 | D10: 15 | E10: 0 | F10: 0 | G10: 3 | H10: 0 | I10: 0 | J10: 0 | K10: 2000 | L10: 0 | M10: 0 | N10: 0 | P10: Z | Q10: =(1000 *SUM(E10:J10))+(K10+L10)+M10 -> 5000
B13: sq ft used | C13: Budget used
B14: =SUMPRODUCT(B6:D6,B10:D10) -> 23000 | C14: =SUMPRODUCT(B7:D7,B10:D10) -> 998250

Sheet Sheet7
A3: s/d | B3: 1 | C3: 2 | D3: 3 | E3: 4 | F3: 5 | G3: 6 | H3: 7
A4: 1 | B4: 0 | C4: 6 | D4: 0 | E4: 6 | F4: 0 | G4: 0 | H4: 0
A5: 2 | B5: 0 | C5: 0 | D5: 2 | E5: 0 | F5: 3 | G5: 0 | H5: 0
A6: 3 | B6: 0 | C6: 2 | D6: 0 | E6: 3 | F6: 2 | G6: 2 | H6: 0
A7: 4 | B7: 0 | C7: 0 | D7: 3 | E7: 0 | F7: 0 | G7: 1 | H7: 2
A8: 5 | B8: 0 | C8: 3 | D8: 2 | E8: 0 | F8: 0 | G8: 0 | H8: 5
A9: 6 | B9: 0 | C9: 0 | D9: 2 | E9: 1 | F9: 5 | G9: 0 | H9: 5
A10: 7
B13: 1 | C13: 2 | D13: 3 | E13: 4 | F13: 5 | G13: 6 | H13: 7
A14: 1 | B14: 0 | C14: 5 | D14: 0 | E14: 5 | F14: 0 | G14: 0 | H14: 0 | I14: =SUMIF(B4:H4,">0",B14:H14) -> 10
A15: 2 | B15: 0 | C15: 0 | D15: 2 | E15: 0 | F15: 3 | G15: 0 | H15: 0 | I15: =SUMIF(B5:H5,">0",B15:H15) -> 5
A16: 3 | B16: 0 | C16: 0 | D16: 0 | E16: 0 | F16: 2 | G16: 2 | H16: 0 | I16: =SUMIF(B6:H6,">0",B16:H16) -> 4
A17: 4 | B17: 0 | C17: 0 | D17: 2 | E17: 0 | F17: 0 | G17: 1 | H17: 2 | I17: =SUMIF(B7:H7,">0",B17:H17) -> 5
A18: 5 | B18: 0 | C18: 0 | D18: 0 | E18: 0 | F18: 0 | G18: 0 | H18: 5 | I18: =SUMIF(B8:H8,">0",B18:H18) -> 5
A19: 6 | B19: 0 | C19: 0 | D19: 0 | E19: 0 | F19: 0 | G19: 0 | H19: 3 | I19: =SUMIF(B9:H9,">0",B19:H19) -> 3
A20: 7 | I20: =SUMIF(B10:H10,">0",B20:H20) -> 0
B21: =SUMIF(B4:B10,">0",B14:B20) -> 0 | C21: =SUM(C14:C20) -> 5 | D21: =SUM(D14:D20) -> 4 | E21: =SUM(E14:E20) -> 5 | F21: =SUM(F14:F20) -> 5 | G21: =SUM(G14:G20) -> 3 | H21: =SUM(H14:H20) -> 10

Sheet Sheet8
A2: Child | B2: Wheat:Corn Low | C2: Wheat:Corn High | D2: Sugar | E2: Honey | F2: Artificial | G2: Flavor Bits Present | H2: Flavor Bits Absent
A3: 1 | B3: 15 | C3: 35 | D3: 30 | E3: 40 | F3: 25 | G3: 15 | H3: 9
A4: 2 | B4: 30 | C4: 20 | D4: 40 | E4: 35 | F4: 35 | G4: 8 | H4: 11
A5: 3 | B5: 40 | C5: 25 | D5: 20 | E5: 40 | F5: 10 | G5: 7 | H5: 14
A6: 4 | B6: 45 | C6: 30 | D6: 25 | E6: 20 | F6: 30 | G6: 15 | H6: 18
A7: 5 | B7: 25 | C7: 40 | D7: 40 | E7: 20 | F7: 35 | G7: 18 | H7: 14
A8: 6 | B8: 20 | C8: 25 | D8: 20 | E8: 35 | F8: 30 | G8: 9 | H8: 16
A9: 7 | B9: 30 | C9: 15 | D9: 25 | E9: 40 | F9: 40 | G9: 20 | H9: 11
B11: Wheat | D11: Sugar | G11: Flavor
B12: Low | C12: High | D12: Sugar | E12: Hon | F12: Artificial | G12: Yes | H12: No
B13: 1 | C13: 0 | D13: 1 | E13: 0 | F13: 0 | G13: 0 | H13: 1
B14: =SUM(B13:C13) -> 1 | C14: =SUM(D13:F13) -> 1 | D14: =SUM(G13:H13) -> 1 | J14: 1 | K14: 1 | L14: 1
C15: My score | D15: Util score | E15: Y=1
B17: 1 | C17: =SUMPRODUCT(B3:H3,$B$13:$H$13) -> 54 | D17: 75 | E17: =IF(C17>D17,1,0) -> 0
B18: 2 | C18: =SUMPRODUCT(B4:H4,$B$13:$H$13) -> 81 | D18: 75 | E18: =IF(C18>D18,1,0) -> 1
B19: 3 | C19: =SUMPRODUCT(B5:H5,$B$13:$H$13) -> 74 | D19: 75 | E19: =IF(C19>D19,1,0) -> 0
B20: 4 | C20: =SUMPRODUCT(B6:H6,$B$13:$H$13) -> 88 | D20: 75 | E20: =IF(C20>D20,1,0) -> 1
B21: 5 | C21: =SUMPRODUCT(B7:H7,$B$13:$H$13) -> 79 | D21: 75 | E21: =IF(C21>D21,1,0) -> 1
B22: 6 | C22: =SUMPRODUCT(B8:H8,$B$13:$H$13) -> 56 | D22: 75 | E22: =IF(C22>D22,1,0) -> 0
B23: 7 | C23: =SUMPRODUCT(B9:H9,$B$13:$H$13) -> 66 | D23: 75 | E23: =IF(C23>D23,1,0) -> 0
D25: Max | E25: =SUM(E17:E23) -> 3

Sheet Sheet9
B3: X1 | C3: X2 | D3: A1 | E3: B1 | F3: A2 | G3: B2 | H3: C1 | I3: C2
A4: C1 | B4: 20 | C4: 30 | D4: 1 | E4: -1 | F4: 0 | G4: 0 | H4: 0 | I4: 0 | J4: =SUMPRODUCT(B4:I4,$B$9:$I$9) -> 300 | L4: 300
A5: c2 | B5: 4 | C5: 5 | D5: 0 | E5: 0 | F5: 1 | G5: -1 | H5: 0 | I5: 0 | J5: =SUMPRODUCT(B5:I5,$B$9:$I$9) -> 40 | L5: 40
A6: C3 | B6: 1 | C6: 0 | D6: 0 | E6: 0 | F6: 0 | G6: 0 | H6: 1 | I6: -1 | J6: =SUMPRODUCT(B6:I6,$B$9:$I$9) -> 8 | L6: 8
B8: X1 | C8: X2 | D8: A1 | E8: B1 | F8: A2 | G8: B2 | H8: C1 | I8: C2
B9: 8 | C9: 4.6666667 | D9: 0 | E9: 0 | F9: 0 | G9: 15.333333 | H9: 0 | I9: 0 | L9: =(D9) + ( G9) + ( H9) -> 15.333333

Sheet Sheet10
C5: 6 | D5: 7 | E5: 8 | F5: 9 | G5: 10 | I5: MAX | J5: MIN
B6: 6 | C6: 30 | D6: 30 | E6: 30 | F6: 30 | G6: 30 | I6: =MAX(C6:G6) -> 30 | J6: =MIN(C6:G6) -> 30
B7: 7 | C7: 10 | D7: 35 | E7: 35 | F7: 35 | G7: 35 | I7: =MAX(C7:G7) -> 35 | J7: =MIN(C7:G7) -> 10
B8: 8 | C8: -10 | D8: 15 | E8: 40 | F8: 40 | G8: 40 | I8: =MAX(C8:G8) -> 40 | J8: =MIN(C8:G8) -> -10
B9: 9 | C9: -30 | D9: -5 | E9: 20 | F9: 45 | G9: 45 | I9: =MAX(C9:G9) -> 45 | J9: =MIN(C9:G9) -> -30
B10: 10 | C10: -50 | D10: -25 | E10: 0 | F10: 25 | G10: 50 | I10: =MAX(C10:G10) -> 50 | J10: =MIN(C10:G10) -> -50
I11: =MAX(I6:I10) -> 50 | J11: =MAX(J6:J10) -> 30
C16: 6 | D16: 7 | E16: 8 | F16: 9 | G16: 10
B17: 6 | C17: =MAX(C$6:C$10)-C6 -> 0 | D17: =MAX(D$6:D$10)-D6 -> 5 | E17: =MAX(E$6:E$10)-E6 -> 10 | F17: =MAX(F$6:F$10)-F6 -> 15 | G17: =MAX(G$6:G$10)-G6 -> 20 | I17: =MAX(C17:G17) -> 20
B18: 7 | C18: =MAX(C$6:C$10)-C7 -> 20 | D18: =MAX(D$6:D$10)-D7 -> 0 | E18: =MAX(E$6:E$10)-E7 -> 5 | F18: =MAX(F$6:F$10)-F7 -> 10 | G18: =MAX(G$6:G$10)-G7 -> 15 | I18: =MAX(C18:G18) -> 20
B19: 8 | C19: =MAX(C$6:C$10)-C8 -> 40 | D19: =MAX(D$6:D$10)-D8 -> 20 | E19: =MAX(E$6:E$10)-E8 -> 0 | F19: =MAX(F$6:F$10)-F8 -> 5 | G19: =MAX(G$6:G$10)-G8 -> 10 | I19: =MAX(C19:G19) -> 40
B20: 9 | C20: =MAX(C$6:C$10)-C9 -> 60 | D20: =MAX(D$6:D$10)-D9 -> 40 | E20: =MAX(E$6:E$10)-E9 -> 20 | F20: =MAX(F$6:F$10)-F9 -> 0 | G20: =MAX(G$6:G$10)-G9 -> 5 | I20: =MAX(C20:G20) -> 60
B21: 10 | C21: =MAX(C$6:C$10)-C10 -> 80 | D21: =MAX(D$6:D$10)-D10 -> 60 | E21: =MAX(E$6:E$10)-E10 -> 40 | F21: =MAX(F$6:F$10)-F10 -> 20 | G21: =MAX(G$6:G$10)-G10 -> 0 | I21: =MAX(C21:G21) -> 80

Sheet Sheet11
A1: Team | B1: Budgeting | C1: Information | D1: Volunteers | E1: Forecasting
A2: A | B2: 32 | C2: 35 | D2: 15 | E2: 27
A3: B | B3: 38 | C3: 40 | D3: 18 | E3: 35
A4: C | B4: 41 | C4: 42 | D4: 25 | E4: 38
A5: D | B5: 45 | C5: 45 | D5: 30 | E5: 42
B7: Budgeting | C7: Information | D7: Volunteers | E7: Forecasting
A8: A | B8: 0 | C8: 0 | D8: 0 | E8: 1 | F8: =SUM(B8:E8) -> 1 | H8: 1
A9: B | B9: 0 | C9: 0 | D9: 1 | E9: 0 | F9: =SUM(B9:E9) -> 1 | H9: 1
A10: c | B10: 1 | C10: 0 | D10: 0 | E10: 0 | F10: =SUM(B10:E10) -> 1 | H10: 1
A11: D | B11: 0 | C11: 1 | D11: 0 | E11: 0 | F11: =SUM(B11:E11) -> 1 | H11: 1
B13: =SUM(B8:B11) -> 1 | C13: =SUM(C8:C11) -> 1 | D13: =SUM(D8:D11) -> 1 | E13: =SUM(E8:E11) -> 1 | F13: =SUMPRODUCT(B2:E5,B8:E11) -> 131

Sheet Sheet12
A1: From Node | B1: To Node | C1: Flow (Leave Blank) | E1: Capacity (Max Cars/Hr)
A2: 1 | B2: 2 | C2: 0 | E2: 500
A3: 1 | B3: 5 | C3: 0 | E3: 300 | J3: 1 | K3: 2 | L3: 3 | M3: 4 | N3: 5 | O3: 6 | P3: 7 | Q3: 8 | R3: 9 | S3: 10
A4: 1 | B4: 6 | C4: 0 | E4: 600 | I4: 1 | J4: 0 | K4: 500 | L4: 0 | M4: 0 | N4: 300 | O4: 600 | P4: 0 | Q4: 0 | R4: 0 | S4: 0
A5: 2 | B5: 3 | C5: 0 | E5: 300 | I5: 2 | J5: 0 | K5: 0 | L5: 300 | M5: 400 | N5: 0 | O5: 0 | P5: 0 | Q5: 0 | R5: 0 | S5: 0
A6: 2 | B6: 4 | C6: 0 | E6: 400 | I6: 3 | J6: 0 | K6: 0 | L6: 0 | M6: 150 | N6: 0 | O6: 0 | P6: 0 | Q6: 0 | R6: 0 | S6: 0
A7: 3 | B7: 4 | C7: 0 | E7: 150 | I7: 4 | J7: 0 | K7: 0 | L7: 0 | M7: 0 | N7: 0 | O7: 0 | P7: 0 | Q7: 400 | R7: 0 | S7: 600
A8: 4 | B8: 8 | C8: 0 | E8: 400 | I8: 5 | J8: 0 | K8: 0 | L8: 0 | M8: 0 | N8: 0 | O8: 0 | P8: 400 | Q8: 0 | R8: 0 | S8: 0
A9: 4 | B9: F | C9: 0 | E9: 600 | I9: 6 | J9: 0 | K9: 0 | L9: 0 | M9: 0 | N9: 0 | O9: 0 | P9: 300 | Q9: 0 | R9: 500 | S9: 0
A10: 5 | B10: 7 | C10: 0 | E10: 400 | I10: 7 | J10: 0 | K10: 0 | L10: 0 | M10: 0 | N10: 0 | O10: 200 | P10: 0 | Q10: 0 | R10: 350 | S10: 0
A11: 6 | B11: 7 | C11: 0 | E11: 300 | I11: 8 | J11: 0 | K11: 0 | L11: 0 | M11: 200 | N11: 0 | O11: 0 | P11: 0 | Q11: 0 | R11: 300 | S11: 450
A12: 6 | B12: 9 | C12: 0 | E12: 500 | I12: 9 | J12: 0 | K12: 0 | L12: 0 | M12: 0 | N12: 0 | O12: 0 | P12: 0 | Q12: 300 | R12: 0 | S12: 500
A13: 7 | B13: 6 | C13: 0 | E13: 200
A14: 7 | B14: 9 | C14: 0 | E14: 350
A15: 8 | B15: 4 | C15: 0 | E15: 200 | J15: 1 | K15: 2 | L15: 3 | M15: 4 | N15: 5 | O15: 6 | P15: 7 | Q15: 8 | R15: 9 | S15: 10
A16: 8 | B16: 9 | C16: 0 | E16: 300 | I16: 1 | J16: 0 | K16: 500 | L16: 0 | M16: 0 | N16: 300 | O16: 500 | P16: 0 | Q16: 0 | R16: 0 | S16: 0 | T16: =SUMIF(J4:S4,">0",J16:S16) -> 1300
A17: 8 | B17: F | C17: 0 | E17: 450 | I17: 2 | J17: 0 | K17: 0 | L17: 100 | M17: 400 | N17: 0 | O17: 0 | P17: 0 | Q17: 0 | R17: 0 | S17: 0 | T17: =SUMIF(J5:S5,">0",J17:S17) -> 500
A18: 9 | B18: 8 | C18: 0 | E18: 300 | I18: 3 | J18: 0 | K18: 0 | L18: 0 | M18: 100 | N18: 0 | O18: 0 | P18: 0 | Q18: 0 | R18: 0 | S18: 0 | T18: =SUMIF(J6:S6,">0",J18:S18) -> 100
A19: 9 | B19: F | C19: 0 | E19: 500 | I19: 4 | J19: 0 | K19: 0 | L19: 0 | M19: 0 | N19: 0 | O19: 0 | P19: 0 | Q19: 0 | R19: 0 | S19: 600 | T19: =SUMIF(J7:S7,">0",J19:S19) -> 600
A20: F | B20: 1 (Dummy) | C20: 0 | E20: 99999 | I20: 5 | J20: 0 | K20: 0 | L20: 0 | M20: 0 | N20: 0 | O20: 0 | P20: 300 | Q20: 0 | R20: 0 | S20: 0 | T20: =SUMIF(J8:S8,">0",J20:S20) -> 300
I21: 6 | J21: 0 | K21: 0 | L21: 0 | M21: 0 | N21: 0 | O21: 0 | P21: 0 | Q21: 0 | R21: 500 | S21: 0 | T21: =SUMIF(J9:S9,">0",J21:S21) -> 500
I22: 7 | J22: 0 | K22: 0 | L22: 0 | M22: 0 | N22: 0 | O22: 0 | P22: 0 | Q22: 0 | R22: 300 | S22: 0 | T22: =SUMIF(J10:S10,">0",J22:S22) -> 300
I23: 8 | J23: 0 | K23: 0 | L23: 0 | M23: 100 | N23: 0 | O23: 0 | P23: 0 | Q23: 0 | R23: 0 | S23: 200 | T23: =SUMIF(J11:S11,">0",J23:S23) -> 300
I24: 9 | J24: 0 | K24: 0 | L24: 0 | M24: 0 | N24: 0 | O24: 0 | P24: 0 | Q24: 300 | R24: 0 | S24: 500 | T24: =SUMIF(J12:S12,">0",J24:S24) -> 800
J25: =SUMIF(J4:J12,">0",J16:J24) -> 0 | K25: =SUMIF(K4:K12,">0",K16:K24) -> 500 | L25: =SUMIF(L4:L12,">0",L16:L24) -> 100 | M25: =SUMIF(M4:M12,">0",M16:M24) -> 600 | N25: =SUMIF(N4:N12,">0",N16:N24) -> 300 | O25: =SUMIF(O4:O12,">0",O16:O24) -> 500 | P25: =SUMIF(P4:P12,">0",P16:P24) -> 300 | Q25: =SUMIF(Q4:Q12,">0",Q16:Q24) -> 300 | R25: =SUMIF(R4:R12,">0",R16:R24) -> 800 | S25: =SUM(S16:S24) -> 1300

Sheet Sheet13
A1: Sources | B1: Construction Cost | C1: Seattle | D1: Denver | E1: Kansas City | F1: Capacity
A2: San Diego | B2: 0 | C2: 5 | D2: 7 | E2: 8 | F2: 2500
A3: Houston | B3: 0 | C3: 10 | D3: 8 | E3: 6 | F3: 2500
A4: Tulsa | B4: 350000 | C4: 9 | D4: 4 | E4: 3 | F4: 10000
A5: St. Louis | B5: 200000 | C5: 12 | D5: 6 | E5: 2 | F5: 10000
A6: Portland | B6: 480000 | C6: 4 | D6: 10 | E6: 11 | F6: 10000
A7: Demand | C7: 3000 | D7: 8000 | E7: 9000
A11: Sources | B11: Y | C11: Seattle | D11: Denver | E11: Kansas City | F11: supploed
A12: San Diego | B12: 1 | C12: 2500 | D12: 0 | E12: 0 | F12: =SUM(C12:E12) -> 2500 | G12: =B12*F2 -> 2500 | I12: total demand | J12: total supply
A13: Houston | B13: 0 | C13: 0 | D13: 0 | E13: 0 | F13: =SUM(C13:E13) -> 0 | G13: =B13*F3 -> 0 | I13: =SUM(C17:E17) -> 20000 | J13: =SUM(F12:F16) -> 20000
A14: Tulsa | B14: 1 | C14: 500 | D14: 8000 | E14: 0 | F14: =SUM(C14:E14) -> 8500 | G14: =B14*F4 -> 10000
A15: St. Louis | B15: 1 | C15: 0 | D15: 0 | E15: 9000 | F15: =SUM(C15:E15) -> 9000 | G15: =B15*F5 -> 10000
A16: Portland | B16: 0 | C16: 4.5474735e-13 | D16: 0 | E16: 0 | F16: =SUM(C16:E16) -> 4.5474735e-13 | G16: =B16*F6 -> 0
A17: Demand | C17: =SUM(C12:C16) -> 3000 | D17: =SUM(D12:D16) -> 8000 | E17: =SUM(E12:E16) -> 9000 | F17: =SUMPRODUCT(C2:E6,C12:E16)+SUMPRODUCT(B2:B6,B12:B16) -> 617000
